id,ProcessId,Workstation,Start
0,2178,1,2025-08-29 16:14:04
1,2166,3,2025-08-29 16:14:10
2,2178,4,2025-08-29 16:14:55
3,2179,1,2025-08-29 16:15:49
4,2176,3,2025-08-29 16:15:54
5,2151,2,2025-08-29 16:15:57
6,2148,2,2025-08-29 16:16:26
7,2179,5,2025-08-29 16:17:07
8,2145,2,2025-08-29 16:17:55
9,2180,1,2025-08-29 16:19:42
10,2174,3,2025-08-29 16:19:43
11,2180,4,2025-08-29 16:20:23
12,2181,1,2025-08-29 16:22:56
13,2175,3,2025-08-29 16:22:57
14,2146,2,2025-08-29 16:22:58
15,2122,1,2025-08-29 16:23:29
16,2181,5,2025-08-29 16:24:09
17,2173,3,2025-08-29 16:24:11
18,2147,2,2025-08-29 16:24:28
19,2182,1,2025-08-29 16:24:32
20,2147,2,2025-08-29 16:24:34
21,2183,1,2025-08-29 16:25:18
22,2165,3,2025-08-29 16:25:27
23,2122,4,2025-08-29 16:25:36
24,2161,2,2025-08-29 16:26:12
25,2182,5,2025-08-29 16:27:14
26,2164,3,2025-08-29 16:27:25
27,2184,1,2025-08-29 16:27:43
28,2160,2,2025-08-29 16:27:44
29,2183,4,2025-08-29 16:28:17
30,2184,5,2025-08-29 16:28:30
31,2185,1,2025-08-29 16:28:31
32,2169,3,2025-08-29 16:28:33
33,2159,2,2025-08-29 16:28:54
34,2163,3,2025-08-29 16:29:30
35,2186,1,2025-08-29 16:29:32
36,2158,2,2025-08-29 16:30:12
37,2172,3,2025-08-29 16:31:00
38,2187,1,2025-08-29 16:31:11
39,2182,4,2025-08-29 16:31:26
40,2185,5,2025-08-29 16:31:27
41,2157,2,2025-08-29 16:32:21
42,2186,4,2025-08-29 16:32:26
43,2188,1,2025-08-29 16:32:44
44,2149,2,2025-08-29 16:32:46
45,2187,5,2025-08-29 16:32:56
46,2168,3,2025-08-29 16:33:49
47,2189,1,2025-08-29 16:33:51
48,2171,3,2025-08-29 16:33:55
49,2152,2,2025-08-29 16:33:59
50,2190,1,2025-08-29 16:35:38
51,2153,2,2025-08-29 16:35:40
52,2162,3,2025-08-29 16:35:41
53,2189,5,2025-08-29 16:36:13
54,2188,4,2025-08-29 16:36:33
55,2167,3,2025-08-29 16:39:10
56,2191,1,2025-08-29 16:39:10
57,2190,5,2025-08-29 16:40:08
58,2150,2,2025-08-29 16:40:10
59,2191,4,2025-08-29 16:40:52
60,2170,3,2025-08-29 16:41:08
61,2144,2,2025-08-29 16:41:31
62,2194,1,2025-08-29 16:51:07
63,2193,3,2025-08-29 16:51:07
64,2194,5,2025-08-29 16:51:37
65,2192,2,2025-08-29 16:51:49
